trialNum,resgister,reading,strength,expected
0,0,299,-4020,300
0,0,300,-4383,300
0,0,300,-4105,300
0,0,300,-4504,300
0,0,300,-4081,300
0,0,299,-3292,300
0,0,300,-4229,300
0,0,301,-4330,300
0,0,300,-4027,300
0,0,301,-4156,300
0,0,303,-3622,300
0,0,301,-4203,300
0,0,300,-3705,300
0,0,301,-4180,300
0,0,302,-3516,300
0,0,300,-3675,300
0,0,305,-3856,300
0,0,302,-4429,300
0,0,301,-4071,300
0,0,302,-4332,300
0,0,303,-4501,300
0,0,302,-3956,300
0,0,300,-4074,300
0,0,301,-3846,300
0,0,300,-4439,300
0,0,302,-4192,300
0,0,300,-3981,300
0,0,301,-3925,300
0,0,302,-4336,300
0,0,301,-4548,300
0,0,299,-3533,300
0,0,300,-3633,300
0,0,301,-4454,300
0,0,300,-4060,300
0,0,303,-4259,300
0,0,302,-4194,300
0,0,301,-4012,300
0,0,300,-4582,300
0,0,303,-3515,300
0,0,299,-4467,300
0,0,301,-3815,300
0,0,299,-4350,300
0,0,301,-4215,300
0,0,300,-3424,300
0,0,300,-3492,300
0,0,302,-4184,300
0,0,301,-4366,300
0,0,300,-3756,300
0,0,300,-3992,300
0,0,301,-4269,300
1,0,291,-2974,298
1,0,293,-2428,298
1,0,292,-2542,298
1,0,291,-2087,298
1,0,294,-2551,298
1,0,292,-2622,298
1,0,294,-2649,298
1,0,293,-1999,298
1,0,291,-2210,298
1,0,294,-2152,298
1,0,291,-2549,298
1,0,292,-2385,298
1,0,292,-2751,298
1,0,292,-2449,298
1,0,292,-2932,298
1,0,293,-2873,298
1,0,294,-2671,298
1,0,294,-2676,298
1,0,293,-2147,298
1,0,294,-2457,298
1,0,293,-2498,298
1,0,293,-2645,298
1,0,292,-2663,298
1,0,293,-2913,298
1,0,292,-2215,298
1,0,292,-2404,298
1,0,292,-3080,298
1,0,292,-2589,298
1,0,292,-2239,298
1,0,292,-2969,298
1,0,292,-2372,298
1,0,292,-2242,298
1,0,293,-1955,298
1,0,292,-2847,298
1,0,294,-2238,298
1,0,294,-2223,298
1,0,292,-2142,298
1,0,295,-2143,298
1,0,292,-2373,298
1,0,291,-2774,298
1,0,292,-2423,298
1,0,294,-2583,298
1,0,293,-2892,298
1,0,293,-2257,298
1,0,292,-2532,298
1,0,293,-3169,298
1,0,294,-2389,298
1,0,292,-2975,298
1,0,294,-2672,298
1,0,291,-2310,298
2,0,278,-2640,296
2,0,277,-3286,296
2,0,279,-2512,296
2,0,279,-2693,296
2,0,279,-3083,296
2,0,279,-2845,296
2,0,278,-2611,296
2,0,279,-2667,296
2,0,278,-2808,296
2,0,279,-2488,296
2,0,282,-3176,296
2,0,279,-2761,296
2,0,280,-3021,296
2,0,279,-2578,296
2,0,279,-3002,296
2,0,280,-2924,296
2,0,279,-3183,296
2,0,279,-2852,296
2,0,279,-2896,296
2,0,279,-2673,296
2,0,279,-2906,296
2,0,279,-2843,296
2,0,279,-2654,296
2,0,279,-2766,296
2,0,278,-2928,296
2,0,278,-3415,296
2,0,278,-2633,296
2,0,279,-2930,296
2,0,279,-2843,296
2,0,279,-3203,296
2,0,280,-3043,296
2,0,278,-2174,296
2,0,279,-2544,296
2,0,279,-2057,296
2,0,279,-2789,296
2,0,278,-2513,296
2,0,279,-3338,296
2,0,280,-2771,296
2,0,280,-2874,296
2,0,280,-2515,296
2,0,279,-3432,296
2,0,278,-2788,296
2,0,279,-3109,296
2,0,278,-2743,296
2,0,280,-2765,296
2,0,278,-2755,296
2,0,280,-2606,296
2,0,279,-3006,296
2,0,278,-2782,296
2,0,279,-2974,296
3,0,270,-6454,270
3,0,267,-6588,270
3,0,268,-5941,270
3,0,269,-5956,270
3,0,269,-6236,270
3,0,270,-6436,270
3,0,269,-5852,270
3,0,269,-5751,270
3,0,269,-6104,270
3,0,269,-6339,270
3,0,269,-6207,270
3,0,271,-6357,270
3,0,269,-6142,270
3,0,268,-6390,270
3,0,270,-6068,270
3,0,272,-6396,270
3,0,269,-6733,270
3,0,270,-5954,270
3,0,268,-6696,270
3,0,272,-6604,270
3,0,269,-5857,270
3,0,269,-6279,270
3,0,271,-6796,270
3,0,270,-6186,270
3,0,269,-6707,270
3,0,269,-6502,270
3,0,269,-6294,270
3,0,269,-5799,270
3,0,269,-5845,270
3,0,268,-5855,270
3,0,269,-6828,270
3,0,272,-6918,270
3,0,269,-6084,270
3,0,271,-5971,270
3,0,268,-6165,270
3,0,271,-6093,270
3,0,270,-6522,270
3,0,271,-6950,270
3,0,269,-6720,270
3,0,268,-6195,270
3,0,269,-5757,270
3,0,268,-6243,270
3,0,270,-6383,270
3,0,269,-6397,270
3,0,271,-6203,270
3,0,269,-6274,270
3,0,269,-6343,270
3,0,271,-6507,270
3,0,270,-6020,270
3,0,272,-6576,270
4,0,260,-2595,260
4,0,261,-3357,260
4,0,259,-2519,260
4,0,260,-2370,260
4,0,261,-3273,260
4,0,259,-2247,260
4,0,261,-2751,260
4,0,261,-3184,260
4,0,259,-2510,260
4,0,261,-2299,260
4,0,261,-3115,260
4,0,262,-2472,260
4,0,260,-2398,260
4,0,260,-2850,260
4,0,261,-3099,260
4,0,260,-2391,260
4,0,260,-2765,260
4,0,261,-2731,260
4,0,260,-2865,260
4,0,260,-3170,260
4,0,259,-2949,260
4,0,260,-3528,260
4,0,260,-3391,260
4,0,260,-3386,260
4,0,262,-3044,260
4,0,260,-2892,260
4,0,259,-3009,260
4,0,259,-3447,260
4,0,258,-3187,260
4,0,259,-3686,260
4,0,259,-3121,260
4,0,260,-3014,260
4,0,260,-3171,260
4,0,262,-2781,260
4,0,260,-3855,260
4,0,260,-3104,260
4,0,260,-2966,260
4,0,261,-3135,260
4,0,259,-3160,260
4,0,260,-2814,260
4,0,261,-3429,260
4,0,259,-3118,260
4,0,261,-3178,260
4,0,262,-3215,260
4,0,260,-3672,260
4,0,260,-3464,260
4,0,259,-3081,260
4,0,260,-3342,260
4,0,260,-3520,260
4,0,259,-2967,260
5,0,250,-10663,250
5,0,249,-10928,250
5,0,251,-10466,250
5,0,249,-10885,250
5,0,248,-9904,250
5,0,251,-10531,250
5,0,249,-10228,250
5,0,248,-10744,250
5,0,252,-10455,250
5,0,252,-11328,250
5,0,252,-11147,250
5,0,248,-10472,250
5,0,248,-11112,250
5,0,250,-11120,250
5,0,253,-11913,250
5,0,252,-10617,250
5,0,247,-10616,250
5,0,250,-11331,250
5,0,250,-9466,250
5,0,251,-10370,250
5,0,250,-10329,250
5,0,248,-11794,250
5,0,251,-10698,250
5,0,250,-10771,250
5,0,250,-12086,250
5,0,251,-11368,250
5,0,252,-9751,250
5,0,249,-11299,250
5,0,250,-10384,250
5,0,251,-10817,250
5,0,250,-11019,250
5,0,249,-10587,250
5,0,250,-10902,250
5,0,252,-10851,250
5,0,248,-11587,250
5,0,249,-10714,250
5,0,251,-10929,250
5,0,249,-10344,250
5,0,250,-12177,250
5,0,250,-11190,250
5,0,249,-11010,250
5,0,248,-10806,250
5,0,250,-11545,250
5,0,250,-9854,250
5,0,249,-10218,250
5,0,253,-9889,250
5,0,250,-9362,250
5,0,249,-11706,250
5,0,253,-10525,250
5,0,250,-10417,250
6,0,245,-9067,240
6,0,242,-8425,240
6,0,241,-8408,240
6,0,244,-8865,240
6,0,245,-7804,240
6,0,238,-9434,240
6,0,240,-8545,240
6,0,245,-8863,240
6,0,244,-8367,240
6,0,242,-9072,240
6,0,241,-9061,240
6,0,243,-7440,240
6,0,245,-8197,240
6,0,240,-8511,240
6,0,241,-8433,240
6,0,242,-8602,240
6,0,243,-8341,240
6,0,244,-7667,240
6,0,240,-8328,240
6,0,244,-8236,240
6,0,242,-8752,240
6,0,243,-7442,240
6,0,244,-7490,240
6,0,243,-8282,240
6,0,241,-8984,240
6,0,243,-7694,240
6,0,240,-9396,240
6,0,240,-9535,240
6,0,240,-8789,240
6,0,241,-8434,240
6,0,242,-8518,240
6,0,240,-8032,240
6,0,245,-7507,240
6,0,246,-8248,240
6,0,247,-8287,240
6,0,245,-8033,240
6,0,241,-8565,240
6,0,245,-9196,240
6,0,241,-8626,240
6,0,243,-7820,240
6,0,242,-8071,240
6,0,240,-8111,240
6,0,244,-8900,240
6,0,244,-8676,240
6,0,240,-8671,240
6,0,240,-8822,240
6,0,241,-8462,240
6,0,245,-8536,240
6,0,243,-8388,240
6,0,241,-8222,240
7,0,232,-6427,230
7,0,232,-5557,230
7,0,237,-5547,230
7,0,232,-6584,230
7,0,230,-6757,230
7,0,233,-6008,230
7,0,234,-5787,230
7,0,235,-5653,230
7,0,230,-6967,230
7,0,233,-5847,230
7,0,231,-5527,230
7,0,231,-5614,230
7,0,234,-6175,230
7,0,230,-5718,230
7,0,233,-5947,230
7,0,233,-5338,230
7,0,232,-5559,230
7,0,231,-6290,230
7,0,230,-5963,230
7,0,231,-5957,230
7,0,232,-6143,230
7,0,232,-5426,230
7,0,230,-6083,230
7,0,234,-5903,230
7,0,234,-5715,230
7,0,234,-5884,230
7,0,234,-5691,230
7,0,234,-5565,230
7,0,231,-5313,230
7,0,232,-5752,230
7,0,233,-5573,230
7,0,231,-5635,230
7,0,229,-5949,230
7,0,232,-6210,230
7,0,233,-6132,230
7,0,233,-5331,230
7,0,234,-6079,230
7,0,232,-5468,230
7,0,233,-6152,230
7,0,235,-6005,230
7,0,231,-5758,230
7,0,234,-6433,230
7,0,231,-5653,230
7,0,232,-5551,230
7,0,233,-5804,230
7,0,233,-5636,230
7,0,233,-5779,230
7,0,231,-6614,230
7,0,231,-5630,230
7,0,231,-6203,230
8,0,219,-6185,220
8,0,220,-6654,220
8,0,220,-6053,220
8,0,221,-5874,220
8,0,219,-5935,220
8,0,220,-6596,220
8,0,221,-6583,220
8,0,220,-5953,220
8,0,220,-5809,220
8,0,220,-6911,220
8,0,221,-5902,220
8,0,219,-6650,220
8,0,220,-6744,220
8,0,223,-6221,220
8,0,220,-5765,220
8,0,219,-6081,220
8,0,220,-5831,220
8,0,220,-6436,220
8,0,220,-6364,220
8,0,221,-5972,220
8,0,220,-6596,220
8,0,219,-6146,220
8,0,219,-6120,220
8,0,220,-5946,220
8,0,220,-6027,220
8,0,220,-5645,220
8,0,220,-6398,220
8,0,218,-6073,220
8,0,218,-6413,220
8,0,219,-6281,220
8,0,220,-6250,220
8,0,219,-6223,220
8,0,219,-6601,220
8,0,219,-6436,220
8,0,220,-6093,220
8,0,220,-6257,220
8,0,221,-5948,220
8,0,218,-6030,220
8,0,220,-6091,220
8,0,221,-6136,220
8,0,220,-5852,220
8,0,220,-6370,220
8,0,222,-6419,220
8,0,219,-5985,220
8,0,220,-5786,220
8,0,219,-6230,220
8,0,220,-6405,220
8,0,220,-6346,220
8,0,219,-6744,220
8,0,221,-6236,220
9,0,209,-5229,210
9,0,210,-4525,210
9,0,211,-4541,210
9,0,210,-4450,210
9,0,211,-4587,210
9,0,210,-4955,210
9,0,211,-4499,210
9,0,210,-4587,210
9,0,212,-4769,210
9,0,211,-4436,210
9,0,212,-4636,210
9,0,211,-4685,210
9,0,210,-4526,210
9,0,209,-4907,210
9,0,212,-4947,210
9,0,212,-4772,210
9,0,211,-5201,210
9,0,211,-4694,210
9,0,211,-5150,210
9,0,211,-4627,210
9,0,211,-4461,210
9,0,211,-4753,210
9,0,212,-5205,210
9,0,213,-5396,210
9,0,211,-4671,210
9,0,209,-4805,210
9,0,211,-4504,210
9,0,211,-4595,210
9,0,212,-4568,210
9,0,210,-4743,210
9,0,210,-4115,210
9,0,210,-4472,210
9,0,210,-4244,210
9,0,211,-4398,210
9,0,211,-5094,210
9,0,210,-4895,210
9,0,212,-4843,210
9,0,210,-4999,210
9,0,213,-5471,210
9,0,211,-4919,210
9,0,212,-4944,210
9,0,211,-4380,210
9,0,211,-4836,210
9,0,212,-4563,210
9,0,210,-5122,210
9,0,209,-4647,210
9,0,210,-4752,210
9,0,211,-4958,210
9,0,211,-4946,210
9,0,210,-5587,210
10,0,200,-4082,200
10,0,200,-4259,200
10,0,200,-4064,200
10,0,200,-3880,200
10,0,199,-4072,200
10,0,199,-4198,200
10,0,200,-4396,200
10,0,200,-4001,200
10,0,200,-4162,200
10,0,200,-4241,200
10,0,200,-4150,200
10,0,199,-4224,200
10,0,200,-3946,200
10,0,199,-4052,200
10,0,200,-4073,200
10,0,199,-4116,200
10,0,200,-4182,200
10,0,200,-3877,200
10,0,200,-4089,200
10,0,200,-4171,200
10,0,200,-4254,200
10,0,200,-4375,200
10,0,199,-4133,200
10,0,200,-4212,200
10,0,200,-4093,200
10,0,201,-4414,200
10,0,200,-4245,200
10,0,201,-4248,200
10,0,199,-4265,200
10,0,199,-4154,200
10,0,199,-4221,200
10,0,199,-4281,200
10,0,200,-4019,200
10,0,200,-4137,200
10,0,200,-4156,200
10,0,200,-4090,200
10,0,200,-4200,200
10,0,199,-4190,200
10,0,199,-4111,200
10,0,199,-4178,200
10,0,199,-3885,200
10,0,199,-3963,200
10,0,200,-4160,200
10,0,199,-4008,200
10,0,199,-4262,200
10,0,200,-3849,200
10,0,199,-3853,200
10,0,199,-4326,200
10,0,200,-3879,200
10,0,200,-3814,200
11,0,190,-4543,190
11,0,191,-4284,190
11,0,191,-4514,190
11,0,192,-4794,190
11,0,190,-4383,190
11,0,191,-4494,190
11,0,190,-4669,190
11,0,192,-4602,190
11,0,190,-4224,190
11,0,192,-4721,190
11,0,191,-4272,190
11,0,191,-4157,190
11,0,191,-4333,190
11,0,191,-4718,190
11,0,190,-4132,190
11,0,190,-4516,190
11,0,190,-4242,190
11,0,190,-4567,190
11,0,192,-4786,190
11,0,191,-4363,190
11,0,191,-4374,190
11,0,191,-4731,190
11,0,191,-4191,190
11,0,190,-4726,190
11,0,191,-4404,190
11,0,191,-4214,190
11,0,190,-4594,190
11,0,190,-4190,190
11,0,191,-4486,190
11,0,191,-4344,190
11,0,189,-4591,190
11,0,191,-4420,190
11,0,190,-4185,190
11,0,190,-4418,190
11,0,191,-4361,190
11,0,191,-4198,190
11,0,192,-4372,190
11,0,191,-4374,190
11,0,190,-4331,190
11,0,192,-4268,190
11,0,190,-4519,190
11,0,190,-4331,190
11,0,191,-3841,190
11,0,191,-4598,190
11,0,191,-4482,190
11,0,190,-4374,190
11,0,192,-4352,190
11,0,191,-4577,190
11,0,191,-4479,190
11,0,190,-4463,190
12,0,176,-11429,180
12,0,174,-11437,180
12,0,175,-11297,180
12,0,171,-12479,180
12,0,174,-11783,180
12,0,172,-11117,180
12,0,175,-11133,180
12,0,172,-11829,180
12,0,175,-11882,180
12,0,176,-11091,180
12,0,176,-10312,180
12,0,177,-11874,180
12,0,176,-11957,180
12,0,176,-10236,180
12,0,176,-11105,180
12,0,176,-11969,180
12,0,175,-11214,180
12,0,173,-11737,180
12,0,175,-11517,180
12,0,172,-11874,180
12,0,174,-11571,180
12,0,174,-11950,180
12,0,174,-10732,180
12,0,174,-11573,180
12,0,174,-11395,180
12,0,176,-11342,180
12,0,173,-11101,180
12,0,176,-11291,180
12,0,174,-11542,180
12,0,178,-11832,180
12,0,174,-11307,180
12,0,176,-11240,180
12,0,174,-11424,180
12,0,173,-11235,180
12,0,175,-11515,180
12,0,172,-11752,180
12,0,175,-11795,180
12,0,173,-11459,180
12,0,176,-11081,180
12,0,175,-11389,180
12,0,173,-11912,180
12,0,172,-11916,180
12,0,174,-11256,180
12,0,175,-11138,180
12,0,175,-11906,180
12,0,173,-11935,180
12,0,173,-12079,180
12,0,174,-11190,180
12,0,172,-12159,180
12,0,176,-11129,180
13,0,172,-6902,170
13,0,172,-6793,170
13,0,172,-7155,170
13,0,172,-6795,170
13,0,173,-6574,170
13,0,172,-6774,170
13,0,174,-7505,170
13,0,172,-5030,170
13,0,172,-4642,170
13,0,172,-4642,170
13,0,172,-4367,170
13,0,173,-4667,170
13,0,172,-4088,170
13,0,172,-4879,170
13,0,172,-4571,170
13,0,172,-4659,170
13,0,173,-4433,170
13,0,172,-4630,170
13,0,173,-4511,170
13,0,172,-4592,170
13,0,172,-4451,170
13,0,172,-4111,170
13,0,174,-4851,170
13,0,172,-4149,170
13,0,171,-5202,170
13,0,172,-4462,170
13,0,173,-4223,170
13,0,172,-5058,170
13,0,172,-4478,170
13,0,172,-4743,170
13,0,173,-4194,170
13,0,173,-4023,170
13,0,172,-4783,170
13,0,172,-4666,170
13,0,171,-4597,170
13,0,173,-4880,170
13,0,173,-4631,170
13,0,172,-4579,170
13,0,172,-5046,170
13,0,172,-4480,170
13,0,173,-4489,170
13,0,172,-4738,170
13,0,173,-4473,170
13,0,172,-4631,170
13,0,172,-4877,170
13,0,172,-4523,170
13,0,172,-4779,170
13,0,173,-4240,170
13,0,172,-4622,170
13,0,172,-4163,170
14,0,160,-7760,160
14,0,159,-5742,160
14,0,159,-5843,160
14,0,160,-5987,160
14,0,159,-5943,160
14,0,159,-5926,160
14,0,159,-5915,160
14,0,160,-6169,160
14,0,159,-5860,160
14,0,159,-5833,160
14,0,160,-6143,160
14,0,159,-5887,160
14,0,159,-6028,160
14,0,160,-5835,160
14,0,159,-5844,160
14,0,159,-5844,160
14,0,159,-5856,160
14,0,159,-5693,160
14,0,159,-5745,160
14,0,159,-5908,160
14,0,159,-5746,160
14,0,159,-6094,160
14,0,159,-5954,160
14,0,159,-5875,160
14,0,159,-5784,160
14,0,159,-5896,160
14,0,159,-5907,160
14,0,160,-5917,160
14,0,159,-6025,160
14,0,159,-6007,160
14,0,160,-5850,160
14,0,159,-6013,160
14,0,160,-5761,160
14,0,160,-5814,160
14,0,160,-5753,160
14,0,160,-6039,160
14,0,160,-5715,160
14,0,159,-5880,160
14,0,159,-5895,160
14,0,159,-5867,160
14,0,160,-5734,160
14,0,159,-5894,160
14,0,160,-5876,160
14,0,160,-5760,160
14,0,160,-5817,160
14,0,159,-5729,160
14,0,159,-5802,160
14,0,160,-6041,160
14,0,159,-5843,160
14,0,160,-5709,160
15,0,149,-1860,150
15,0,149,-1652,150
15,0,149,-1833,150
15,0,149,-1657,150
15,0,149,-1776,150
15,0,149,-1683,150
15,0,149,-1784,150
15,0,149,-1826,150
15,0,149,-1778,150
15,0,149,-1709,150
15,0,149,-1650,150
15,0,149,-1735,150
15,0,149,-1670,150
15,0,149,-1736,150
15,0,149,-1732,150
15,0,149,-1675,150
15,0,149,-1769,150
15,0,149,-1617,150
15,0,149,-2000,150
15,0,149,-2034,150
15,0,149,-2046,150
15,0,149,-1926,150
15,0,149,-2066,150
15,0,149,-1961,150
15,0,149,-2069,150
15,0,149,-1984,150
15,0,150,-2008,150
15,0,149,-1979,150
15,0,149,-1923,150
15,0,149,-2209,150
15,0,149,-1992,150
15,0,149,-2143,150
15,0,149,-1889,150
15,0,149,-2143,150
15,0,149,-2014,150
15,0,150,-2236,150
15,0,149,-2008,150
15,0,149,-1945,150
15,0,149,-2112,150
15,0,149,-2023,150
15,0,149,-1861,150
15,0,149,-1857,150
15,0,149,-2116,150
15,0,149,-2052,150
15,0,149,-2077,150
15,0,149,-1892,150
15,0,149,-1897,150
15,0,149,-1988,150
15,0,149,-2068,150
15,0,149,-2090,150
16,0,139,-6481,140
16,0,140,-6659,140
16,0,139,-6309,140
16,0,140,-6282,140
16,0,139,-6155,140
16,0,140,-6393,140
16,0,139,-6381,140
16,0,139,-6511,140
16,0,140,-6606,140
16,0,139,-6412,140
16,0,140,-6528,140
16,0,139,-6544,140
16,0,140,-6441,140
16,0,139,-6767,140
16,0,140,-6507,140
16,0,139,-6486,140
16,0,140,-6390,140
16,0,140,-6236,140
16,0,140,-6471,140
16,0,139,-6389,140
16,0,140,-6521,140
16,0,140,-6549,140
16,0,139,-6486,140
16,0,140,-6662,140
16,0,139,-6458,140
16,0,139,-6022,140
16,0,139,-6444,140
16,0,139,-6367,140
16,0,139,-6599,140
16,0,139,-6496,140
16,0,139,-6715,140
16,0,139,-6338,140
16,0,139,-6732,140
16,0,139,-6415,140
16,0,140,-6318,140
16,0,139,-6535,140
16,0,139,-6295,140
16,0,139,-6470,140
16,0,140,-6523,140
16,0,140,-6496,140
16,0,139,-6488,140
16,0,139,-6483,140
16,0,140,-6606,140
16,0,140,-6611,140
16,0,139,-6405,140
16,0,139,-6252,140
16,0,140,-6483,140
16,0,139,-6266,140
16,0,140,-6402,140
16,0,139,-6489,140
17,0,128,-13773,130
17,0,127,-13731,130
17,0,127,-13680,130
17,0,127,-13993,130
17,0,128,-13559,130
17,0,128,-14351,130
17,0,128,-14172,130
17,0,127,-13333,130
17,0,128,-14008,130
17,0,127,-14143,130
17,0,128,-14277,130
17,0,127,-14007,130
17,0,128,-13778,130
17,0,127,-12962,130
17,0,127,-13020,130
17,0,128,-14360,130
17,0,127,-13345,130
17,0,129,-13775,130
17,0,128,-14175,130
17,0,128,-14124,130
17,0,129,-14132,130
17,0,128,-13793,130
17,0,127,-14442,130
17,0,128,-13414,130
17,0,128,-13866,130
17,0,127,-13684,130
17,0,127,-14533,130
17,0,128,-13641,130
17,0,127,-14137,130
17,0,127,-13631,130
17,0,128,-14211,130
17,0,128,-13993,130
17,0,128,-13717,130
17,0,128,-13144,130
17,0,128,-13873,130
17,0,128,-13842,130
17,0,128,-13858,130
17,0,127,-13810,130
17,0,128,-13529,130
17,0,128,-13104,130
17,0,128,-13737,130
17,0,129,-13791,130
17,0,128,-13883,130
17,0,128,-14326,130
17,0,128,-13982,130
17,0,128,-13722,130
17,0,128,-13728,130
17,0,128,-14740,130
17,0,128,-13923,130
17,0,127,-13805,130
18,0,120,-6315,120
18,0,119,-6165,120
18,0,119,-6214,120
18,0,119,-6102,120
18,0,120,-6319,120
18,0,119,-6383,120
18,0,119,-6154,120
18,0,119,-6197,120
18,0,119,-6359,120
18,0,120,-6102,120
18,0,119,-6220,120
18,0,119,-6261,120
18,0,119,-6329,120
18,0,119,-6392,120
18,0,119,-6156,120
18,0,119,-6163,120
18,0,119,-6315,120
18,0,119,-6308,120
18,0,119,-6295,120
18,0,119,-6249,120
18,0,120,-6198,120
18,0,120,-6143,120
18,0,119,-6080,120
18,0,119,-6238,120
18,0,119,-6023,120
18,0,119,-6260,120
18,0,119,-6277,120
18,0,119,-6287,120
18,0,119,-6163,120
18,0,119,-6116,120
18,0,119,-6158,120
18,0,119,-6052,120
18,0,119,-6166,120
18,0,119,-6353,120
18,0,119,-6239,120
18,0,119,-6121,120
18,0,119,-6112,120
18,0,119,-6115,120
18,0,119,-6214,120
18,0,119,-6300,120
18,0,119,-6064,120
18,0,119,-6413,120
18,0,119,-6206,120
18,0,119,-6170,120
18,0,119,-6077,120
18,0,119,-6271,120
18,0,119,-6263,120
18,0,120,-6040,120
18,0,119,-6143,120
18,0,119,-6191,120
19,0,108,-13208,110
19,0,107,-13759,110
19,0,107,-13723,110
19,0,108,-13329,110
19,0,107,-13610,110
19,0,108,-13352,110
19,0,108,-12750,110
19,0,108,-13288,110
19,0,108,-13131,110
19,0,107,-14248,110
19,0,107,-13517,110
19,0,108,-13376,110
19,0,107,-13490,110
19,0,107,-13796,110
19,0,107,-13447,110
19,0,108,-13400,110
19,0,107,-14466,110
19,0,107,-14589,110
19,0,107,-13827,110
19,0,107,-13833,110
19,0,107,-13556,110
19,0,107,-14400,110
19,0,108,-14057,110
19,0,107,-14042,110
19,0,107,-13319,110
19,0,107,-14373,110
19,0,107,-14259,110
19,0,107,-13280,110
19,0,107,-14323,110
19,0,107,-12590,110
19,0,107,-13644,110
19,0,107,-13270,110
19,0,107,-13609,110
19,0,108,-12078,110
19,0,107,-14102,110
19,0,107,-13508,110
19,0,108,-13083,110
19,0,108,-14173,110
19,0,107,-14010,110
19,0,107,-13069,110
19,0,108,-14641,110
19,0,107,-13867,110
19,0,107,-14463,110
19,0,107,-13282,110
19,0,107,-13743,110
19,0,107,-13718,110
19,0,107,-13458,110
19,0,107,-12965,110
19,0,107,-13955,110
19,0,107,-13584,110
20,0,97,-17664,100
20,0,97,-17243,100
20,0,97,-17752,100
20,0,98,-18129,100
20,0,98,-18581,100
20,0,98,-18078,100
20,0,96,-18445,100
20,0,97,-18089,100
20,0,97,-18331,100
20,0,96,-17738,100
20,0,97,-16768,100
20,0,97,-17554,100
20,0,97,-17936,100
20,0,96,-17559,100
20,0,97,-17135,100
20,0,96,-18463,100
20,0,97,-17043,100
20,0,98,-18683,100
20,0,98,-16221,100
20,0,97,-18506,100
20,0,97,-18743,100
20,0,97,-16962,100
20,0,97,-17338,100
20,0,97,-18406,100
20,0,98,-17359,100
20,0,97,-18262,100
20,0,97,-17577,100
20,0,97,-17998,100
20,0,97,-18262,100
20,0,97,-18283,100
20,0,95,-18280,100
20,0,98,-17085,100
20,0,97,-18494,100
20,0,98,-16780,100
20,0,97,-17927,100
20,0,97,-16759,100
20,0,98,-17043,100
20,0,98,-18015,100
20,0,97,-16909,100
20,0,98,-16960,100
20,0,98,-18143,100
20,0,97,-18461,100
20,0,98,-18211,100
20,0,97,-17355,100
20,0,98,-17383,100
20,0,98,-16433,100
20,0,97,-17339,100
20,0,97,-17580,100
20,0,96,-18280,100
20,0,97,-18348,100
21,0,91,-5388,90
21,0,90,-9460,90
21,0,90,-9376,90
21,0,91,-9117,90
21,0,91,-9751,90
21,0,91,-9555,90
21,0,91,-9462,90
21,0,91,-9311,90
21,0,91,-9159,90
21,0,91,-9250,90
21,0,91,-9618,90
21,0,91,-9286,90
21,0,90,-9370,90
21,0,91,-9292,90
21,0,91,-9418,90
21,0,90,-8992,90
21,0,91,-9036,90
21,0,91,-9262,90
21,0,91,-9146,90
21,0,91,-9267,90
21,0,91,-9156,90
21,0,91,-8980,90
21,0,91,-9461,90
21,0,90,-9402,90
21,0,90,-9494,90
21,0,91,-9231,90
21,0,91,-9437,90
21,0,91,-9212,90
21,0,90,-9381,90
21,0,90,-9493,90
21,0,91,-9299,90
21,0,91,-9348,90
21,0,90,-9326,90
21,0,91,-9374,90
21,0,91,-9381,90
21,0,91,-9545,90
21,0,91,-9536,90
21,0,91,-9477,90
21,0,90,-9251,90
21,0,91,-9073,90
21,0,90,-9172,90
21,0,91,-9190,90
21,0,90,-9188,90
21,0,91,-9343,90
21,0,91,-9319,90
21,0,91,-9619,90
21,0,90,-9302,90
21,0,90,-9355,90
21,0,91,-9225,90
21,0,91,-9859,90
22,0,79,-6695,80
22,0,79,-7731,80
22,0,79,-8089,80
22,0,79,-8033,80
22,0,78,-8241,80
22,0,79,-7991,80
22,0,79,-7807,80
22,0,79,-8484,80
22,0,78,-8496,80
22,0,79,-7888,80
22,0,79,-7856,80
22,0,79,-7828,80
22,0,79,-8328,80
22,0,79,-8084,80
22,0,79,-8252,80
22,0,78,-8156,80
22,0,79,-8188,80
22,0,79,-7666,80
22,0,79,-7766,80
22,0,79,-8112,80
22,0,79,-7984,80
22,0,79,-8005,80
22,0,79,-8130,80
22,0,79,-8226,80
22,0,79,-8091,80
22,0,79,-8020,80
22,0,78,-8555,80
22,0,79,-7955,80
22,0,79,-8154,80
22,0,79,-8103,80
22,0,79,-8074,80
22,0,79,-7988,80
22,0,79,-7836,80
22,0,78,-8128,80
22,0,79,-8184,80
22,0,79,-7897,80
22,0,79,-8334,80
22,0,78,-7968,80
22,0,79,-8017,80
22,0,79,-8270,80
22,0,79,-8321,80
22,0,78,-8333,80
22,0,79,-8221,80
22,0,79,-7982,80
22,0,79,-7949,80
22,0,79,-8247,80
22,0,79,-7697,80
22,0,78,-8366,80
22,0,79,-7773,80
22,0,79,-7640,80
23,0,69,-9974,70
23,0,70,-9786,70
23,0,69,-9785,70
23,0,70,-9376,70
23,0,69,-9777,70
23,0,69,-9835,70
23,0,70,-9934,70
23,0,69,-9169,70
23,0,70,-10034,70
23,0,69,-10574,70
23,0,69,-9926,70
23,0,70,-9792,70
23,0,70,-10081,70
23,0,70,-9188,70
23,0,69,-10187,70
23,0,70,-9588,70
23,0,70,-9457,70
23,0,69,-10147,70
23,0,69,-9945,70
23,0,70,-9241,70
23,0,70,-9899,70
23,0,70,-9335,70
23,0,70,-9933,70
23,0,69,-9964,70
23,0,69,-9659,70
23,0,70,-9830,70
23,0,69,-10036,70
23,0,70,-9186,70
23,0,70,-10098,70
23,0,70,-9705,70
23,0,70,-10101,70
23,0,70,-10071,70
23,0,70,-9445,70
23,0,69,-9543,70
23,0,69,-9687,70
23,0,70,-10150,70
23,0,69,-9973,70
23,0,70,-9467,70
23,0,70,-9793,70
23,0,69,-9984,70
23,0,70,-10114,70
23,0,69,-9780,70
23,0,69,-9604,70
23,0,70,-9663,70
23,0,70,-9169,70
23,0,69,-10219,70
23,0,69,-9752,70
23,0,70,-9978,70
23,0,70,-9969,70
23,0,70,-9452,70
24,0,58,-10552,60
24,0,59,-9364,60
24,0,59,-8935,60
24,0,59,-9092,60
24,0,58,-9194,60
24,0,59,-8832,60
24,0,58,-8857,60
24,0,59,-9138,60
24,0,59,-9375,60
24,0,59,-9093,60
24,0,59,-9367,60
24,0,59,-9147,60
24,0,58,-9476,60
24,0,58,-9178,60
24,0,59,-9235,60
24,0,59,-9699,60
24,0,58,-8813,60
24,0,58,-8745,60
24,0,58,-8876,60
24,0,59,-8757,60
24,0,58,-8959,60
24,0,59,-9227,60
24,0,58,-8824,60
24,0,59,-9503,60
24,0,58,-8943,60
24,0,58,-9116,60
24,0,59,-8950,60
24,0,58,-8903,60
24,0,59,-9281,60
24,0,59,-8842,60
24,0,59,-9456,60
24,0,58,-8980,60
24,0,59,-9290,60
24,0,59,-9548,60
24,0,59,-9317,60
24,0,59,-9233,60
24,0,58,-9133,60
24,0,59,-9044,60
24,0,59,-9159,60
24,0,59,-8258,60
24,0,59,-9274,60
24,0,58,-8911,60
24,0,59,-9298,60
24,0,59,-9255,60
24,0,58,-8798,60
24,0,58,-8752,60
24,0,59,-9430,60
24,0,58,-8810,60
24,0,58,-9127,60
24,0,58,-8916,60
25,0,51,-14309,50
25,0,50,-13287,50
25,0,52,-6283,50
25,0,55,-13957,50
25,0,49,-18805,50
25,0,49,-18164,50
25,0,49,-17632,50
25,0,48,-18170,50
25,0,48,-18968,50
25,0,48,-17950,50
25,0,50,-17871,50
25,0,49,-18697,50
25,0,49,-17666,50
25,0,49,-17999,50
25,0,49,-18240,50
25,0,49,-18081,50
25,0,49,-17401,50
25,0,49,-16074,50
25,0,50,-15441,50
25,0,48,-16383,50
25,0,48,-16213,50
25,0,46,-17157,50
25,0,47,-17069,50
25,0,49,-15839,50
25,0,49,-15817,50
25,0,49,-15762,50
25,0,49,-15972,50
25,0,50,-14715,50
25,0,48,-15794,50
25,0,48,-17028,50
25,0,48,-16238,50
25,0,48,-16376,50
25,0,49,-15723,50
25,0,48,-16166,50
25,0,49,-15614,50
25,0,49,-15081,50
25,0,48,-16594,50
25,0,49,-15796,50
25,0,49,-15682,50
25,0,48,-16472,50
25,0,46,-17924,50
25,0,49,-15986,50
25,0,49,-15457,50
25,0,48,-16798,50
25,0,49,-15926,50
25,0,48,-15629,50
25,0,49,-15568,50
25,0,50,-14667,50
25,0,49,-15172,50
25,0,49,-16020,50
26,0,46,-21732,40
26,0,47,-21960,40
26,0,47,-21334,40
26,0,46,-21523,40
26,0,47,-21822,40
26,0,46,-22252,40
26,0,47,-20795,40
26,0,45,-21291,40
26,0,46,-21613,40
26,0,47,-20581,40
26,0,47,-20563,40
26,0,46,-21217,40
26,0,46,-21990,40
26,0,47,-21680,40
26,0,48,-19753,40
26,0,47,-21692,40
26,0,41,-16338,40
26,0,39,-8732,40
26,0,39,-10698,40
26,0,39,-14322,40
26,0,41,-9396,40
26,0,43,-14966,40
26,0,45,-14858,40
26,0,48,-20356,40
26,0,41,-10178,40
26,0,43,-12203,40
26,0,43,-14950,40
26,0,44,-18905,40
26,0,46,-17807,40
26,0,45,-19162,40
26,0,43,-20766,40
26,0,45,-18848,40
26,0,46,-19004,40
26,0,46,-18829,40
26,0,44,-19518,40
26,0,47,-19205,40
26,0,46,-19019,40
26,0,44,-19944,40
26,0,44,-19995,40
26,0,44,-20440,40
26,0,46,-19256,40
26,0,48,-18633,40
26,0,45,-20732,40
26,0,45,-19977,40
26,0,48,-19857,40
26,0,47,-20509,40
26,0,47,-20872,40
26,0,46,-21634,40
26,0,46,-21161,40
26,0,46,-20899,40
27,0,32,-5187,30
27,0,33,-7950,30
27,0,32,-5076,30
27,0,33,-7145,30
27,0,31,-7386,30
27,0,32,-7392,30
27,0,31,-7551,30
27,0,31,-7503,30
27,0,31,-7695,30
27,0,32,-7687,30
27,0,32,-7765,30
27,0,33,-7645,30
27,0,32,-7679,30
27,0,31,-7459,30
27,0,32,-7768,30
27,0,32,-7724,30
27,0,33,-7778,30
27,0,31,-7698,30
27,0,33,-7605,30
27,0,31,-7817,30
27,0,32,-7728,30
27,0,32,-7725,30
27,0,31,-7735,30
27,0,31,-7714,30
27,0,32,-7579,30
27,0,32,-7824,30
27,0,32,-7753,30
27,0,32,-7491,30
27,0,33,-7692,30
27,0,32,-7943,30
27,0,31,-7817,30
27,0,31,-7651,30
27,0,32,-7536,30
27,0,32,-7980,30
27,0,32,-7922,30
27,0,32,-8080,30
27,0,31,-8058,30
27,0,33,-7737,30
27,0,32,-7835,30
27,0,31,-7377,30
27,0,32,-8009,30
27,0,32,-5651,30
27,0,31,-7712,30
27,0,32,-5773,30
27,0,32,-4915,30
27,0,31,-6359,30
27,0,33,-5076,30
27,0,33,-5270,30
27,0,32,-5012,30
27,0,32,-4893,30
