trialNum,resgister,reading (mm),strength,expected distance (mm)
0,0,62,-8168,60
0,0,62,-8065,60
0,0,62,-7985,60
0,0,62,-7901,60
0,0,62,-8045,60
0,0,62,-7950,60
0,0,62,-8024,60
0,0,62,-7947,60
0,0,62,-8014,60
0,0,62,-8049,60
0,0,62,-8198,60
0,0,62,-8370,60
0,0,62,-8007,60
0,0,62,-8235,60
0,0,62,-8223,60
0,0,62,-7960,60
0,0,62,-8001,60
0,0,62,-8196,60
0,0,62,-8120,60
0,0,62,-8075,60
0,0,62,-7883,60
0,0,62,-8035,60
0,0,62,-8096,60
0,0,62,-8273,60
0,0,62,-8049,60
0,0,62,-7953,60
0,0,62,-8094,60
0,0,62,-8175,60
0,0,62,-8049,60
0,0,62,-8132,60
0,0,62,-8219,60
0,0,62,-8040,60
0,0,62,-8178,60
0,0,62,-8161,60
0,0,62,-7961,60
0,0,62,-7910,60
0,0,62,-8014,60
0,0,62,-8140,60
0,0,62,-8116,60
0,0,62,-8030,60
0,0,62,-8211,60
0,0,62,-8173,60
0,0,62,-8122,60
0,0,62,-8235,60
0,0,62,-8083,60
0,0,62,-8022,60
0,0,62,-8017,60
0,0,62,-8011,60
0,0,62,-8099,60
0,0,62,-8215,60
1,0,58,-8199,58
1,0,59,-8248,58
1,0,59,-8286,58
1,0,59,-8144,58
1,0,58,-8272,58
1,0,59,-8398,58
1,0,59,-8129,58
1,0,59,-8255,58
1,0,59,-8284,58
1,0,59,-8229,58
1,0,58,-8355,58
1,0,59,-8201,58
1,0,59,-8267,58
1,0,58,-8301,58
1,0,58,-8390,58
1,0,58,-8258,58
1,0,59,-8249,58
1,0,59,-8301,58
1,0,59,-8232,58
1,0,59,-8290,58
1,0,59,-8253,58
1,0,58,-8392,58
1,0,59,-8336,58
1,0,58,-8271,58
1,0,59,-8172,58
1,0,58,-8240,58
1,0,59,-8127,58
1,0,59,-8204,58
1,0,58,-8335,58
1,0,58,-8299,58
1,0,59,-8284,58
1,0,58,-8284,58
1,0,59,-8248,58
1,0,59,-8171,58
1,0,58,-8317,58
1,0,59,-8300,58
1,0,59,-8261,58
1,0,58,-8221,58
1,0,59,-8295,58
1,0,59,-8265,58
1,0,58,-8240,58
1,0,58,-8272,58
1,0,58,-8268,58
1,0,59,-8247,58
1,0,58,-8186,58
1,0,59,-8207,58
1,0,58,-8294,58
1,0,59,-8125,58
1,0,58,-8276,58
1,0,59,-8331,58
2,0,58,-10739,56
2,0,58,-10753,56
2,0,57,-10867,56
2,0,57,-11033,56
2,0,57,-10841,56
2,0,57,-10882,56
2,0,57,-10963,56
2,0,57,-10941,56
2,0,57,-10947,56
2,0,57,-10865,56
2,0,58,-10784,56
2,0,58,-10777,56
2,0,57,-10971,56
2,0,57,-10997,56
2,0,57,-10950,56
2,0,57,-10817,56
2,0,57,-10772,56
2,0,57,-10944,56
2,0,58,-10716,56
2,0,57,-10884,56
2,0,57,-10829,56
2,0,57,-10911,56
2,0,57,-10917,56
2,0,57,-10908,56
2,0,57,-10925,56
2,0,58,-10738,56
2,0,58,-10870,56
2,0,58,-10916,56
2,0,57,-11027,56
2,0,57,-11021,56
2,0,57,-10977,56
2,0,57,-10950,56
2,0,57,-10700,56
2,0,57,-11087,56
2,0,56,-11055,56
2,0,57,-10893,56
2,0,57,-10904,56
2,0,57,-10970,56
2,0,57,-11078,56
2,0,57,-11008,56
2,0,57,-10933,56
2,0,56,-11004,56
2,0,57,-10962,56
2,0,57,-10991,56
2,0,58,-10738,56
2,0,56,-10980,56
2,0,57,-10907,56
2,0,57,-10924,56
2,0,57,-10969,56
2,0,57,-10843,56
3,0,50,-14162,54
3,0,51,-13940,54
3,0,50,-14264,54
3,0,51,-13937,54
3,0,50,-14084,54
3,0,50,-14238,54
3,0,50,-14344,54
3,0,50,-14245,54
3,0,51,-14022,54
3,0,50,-14067,54
3,0,50,-14172,54
3,0,50,-14446,54
3,0,51,-14256,54
3,0,50,-14290,54
3,0,50,-14164,54
3,0,51,-14064,54
3,0,50,-14197,54
3,0,50,-14130,54
3,0,50,-14451,54
3,0,51,-14049,54
3,0,50,-14154,54
3,0,50,-14195,54
3,0,51,-14187,54
3,0,50,-14228,54
3,0,51,-14045,54
3,0,51,-14208,54
3,0,51,-14327,54
3,0,51,-14383,54
3,0,50,-14140,54
3,0,51,-14212,54
3,0,50,-13964,54
3,0,51,-14327,54
3,0,50,-14194,54
3,0,50,-14389,54
3,0,50,-14269,54
3,0,51,-14171,54
3,0,50,-14384,54
3,0,50,-14135,54
3,0,51,-14372,54
3,0,50,-14133,54
3,0,50,-13933,54
3,0,51,-13876,54
3,0,50,-14385,54
3,0,51,-14124,54
3,0,50,-14367,54
3,0,51,-14159,54
3,0,51,-14171,54
3,0,51,-14265,54
3,0,50,-14124,54
3,0,50,-14058,54
4,0,56,-7958,52
4,0,56,-7989,52
4,0,56,-7922,52
4,0,56,-7956,52
4,0,56,-7886,52
4,0,56,-7967,52
4,0,56,-7943,52
4,0,56,-7904,52
4,0,56,-7941,52
4,0,56,-8019,52
4,0,56,-8044,52
4,0,56,-7971,52
4,0,56,-7979,52
4,0,56,-7861,52
4,0,56,-7904,52
4,0,56,-8013,52
4,0,56,-7898,52
4,0,56,-7945,52
4,0,56,-8054,52
4,0,56,-8050,52
4,0,56,-7901,52
4,0,56,-7923,52
4,0,56,-8003,52
4,0,56,-8061,52
4,0,56,-7918,52
4,0,56,-8017,52
4,0,56,-8025,52
4,0,56,-8086,52
4,0,56,-7966,52
4,0,56,-7939,52
4,0,56,-7846,52
4,0,56,-8060,52
4,0,56,-7881,52
4,0,56,-7879,52
4,0,56,-7946,52
4,0,56,-7940,52
4,0,56,-7961,52
4,0,56,-7902,52
4,0,56,-8006,52
4,0,56,-8073,52
4,0,56,-7914,52
4,0,56,-7933,52
4,0,56,-7981,52
4,0,56,-7955,52
4,0,56,-8087,52
4,0,57,-8004,52
4,0,56,-8055,52
4,0,56,-8004,52
4,0,56,-8117,52
4,0,56,-7788,52
5,0,50,-11377,50
5,0,49,-10690,50
5,0,48,-10736,50
5,0,48,-10811,50
5,0,48,-10705,50
5,0,48,-10799,50
5,0,49,-10614,50
5,0,48,-10651,50
5,0,48,-10801,50
5,0,49,-10584,50
5,0,48,-10798,50
5,0,48,-10832,50
5,0,47,-10843,50
5,0,48,-10812,50
5,0,48,-10724,50
5,0,48,-10728,50
5,0,48,-10754,50
5,0,48,-10681,50
5,0,48,-10713,50
5,0,48,-10756,50
5,0,47,-10899,50
5,0,48,-10687,50
5,0,47,-10835,50
5,0,48,-10725,50
5,0,47,-10865,50
5,0,47,-10915,50
5,0,48,-10740,50
5,0,48,-10726,50
5,0,48,-10742,50
5,0,48,-10809,50
5,0,48,-10813,50
5,0,47,-10822,50
5,0,48,-10824,50
5,0,48,-10809,50
5,0,48,-10679,50
5,0,48,-10682,50
5,0,49,-10497,50
5,0,48,-10784,50
5,0,48,-10771,50
5,0,48,-10707,50
5,0,48,-10659,50
5,0,49,-10594,50
5,0,48,-10807,50
5,0,48,-10680,50
5,0,48,-10725,50
5,0,48,-10715,50
5,0,48,-10610,50
5,0,48,-10763,50
5,0,48,-10805,50
5,0,48,-10806,50
6,0,55,-8807,48
6,0,54,-8859,48
6,0,54,-8925,48
6,0,54,-8951,48
6,0,54,-8820,48
6,0,54,-8917,48
6,0,54,-8860,48
6,0,54,-8900,48
6,0,54,-8950,48
6,0,54,-8996,48
6,0,54,-8819,48
6,0,54,-8809,48
6,0,54,-8892,48
6,0,55,-8831,48
6,0,54,-8972,48
6,0,54,-8953,48
6,0,54,-8974,48
6,0,54,-8772,48
6,0,54,-8867,48
6,0,54,-8940,48
6,0,54,-8852,48
6,0,54,-8894,48
6,0,54,-8840,48
6,0,54,-8821,48
6,0,54,-8965,48
6,0,54,-8860,48
6,0,54,-8931,48
6,0,54,-8967,48
6,0,54,-8867,48
6,0,54,-8716,48
6,0,54,-8915,48
6,0,54,-8973,48
6,0,54,-8937,48
6,0,54,-8937,48
6,0,54,-8748,48
6,0,54,-8830,48
6,0,54,-8916,48
6,0,54,-8845,48
6,0,54,-8854,48
6,0,54,-8904,48
6,0,54,-8800,48
6,0,54,-8917,48
6,0,54,-8999,48
6,0,54,-8817,48
6,0,54,-8875,48
6,0,54,-8808,48
6,0,54,-8883,48
6,0,54,-8850,48
6,0,54,-8835,48
6,0,54,-8851,48
7,0,47,-12047,46
7,0,47,-12181,46
7,0,47,-12029,46
7,0,47,-12133,46
7,0,47,-11938,46
7,0,47,-11973,46
7,0,46,-12192,46
7,0,47,-12217,46
7,0,47,-12276,46
7,1,96,-23788,46
7,0,47,-12105,46
7,0,46,-12160,46
7,0,47,-12108,46
7,0,47,-12059,46
7,1,94,-23708,46
7,0,46,-12176,46
7,0,47,-12059,46
7,0,46,-12187,46
7,0,47,-12082,46
7,0,46,-12206,46
7,0,47,-12022,46
7,0,47,-12115,46
7,0,46,-12121,46
7,0,46,-12304,46
7,0,47,-12111,46
7,0,47,-12132,46
7,1,94,-23920,46
7,0,47,-12037,46
7,0,47,-12106,46
7,0,47,-11998,46
7,0,47,-11916,46
7,0,47,-12066,46
7,0,47,-11986,46
7,0,46,-12199,46
7,0,47,-12127,46
7,0,47,-12152,46
7,0,47,-11884,46
7,0,47,-12182,46
7,0,47,-11831,46
7,0,47,-12094,46
7,0,47,-11990,46
7,0,47,-12118,46
7,1,96,-23958,46
7,0,47,-12107,46
7,0,46,-12080,46
7,1,93,-24039,46
7,0,47,-11953,46
7,1,97,-24247,46
7,0,47,-12145,46
7,0,47,-12062,46
8,0,41,-10376,44
8,0,41,-10441,44
8,0,42,-10358,44
8,0,41,-10443,44
8,0,42,-10410,44
8,0,42,-10346,44
8,0,41,-10543,44
8,0,41,-10461,44
8,0,42,-10445,44
8,0,41,-10513,44
8,0,41,-10344,44
8,0,41,-10571,44
8,0,42,-10441,44
8,0,41,-10486,44
8,0,42,-10383,44
8,0,41,-10596,44
8,0,41,-10574,44
8,0,41,-10508,44
8,0,41,-10386,44
8,0,41,-10443,44
8,0,41,-10375,44
8,0,41,-10471,44
8,0,42,-10454,44
8,0,41,-10396,44
8,0,41,-10497,44
8,0,42,-10373,44
8,0,41,-10352,44
8,0,41,-10422,44
8,0,42,-10281,44
8,0,41,-10459,44
8,0,42,-10239,44
8,0,42,-10275,44
8,0,42,-10237,44
8,0,41,-10376,44
8,0,42,-10272,44
8,0,41,-10494,44
8,0,41,-10389,44
8,0,42,-10371,44
8,0,41,-10432,44
8,0,42,-10525,44
8,0,41,-10516,44
8,0,42,-10523,44
8,0,41,-10625,44
8,0,41,-10324,44
8,0,41,-10544,44
8,0,42,-10313,44
8,0,42,-10491,44
8,0,42,-10518,44
8,0,41,-10510,44
8,0,41,-10578,44
9,0,42,-10118,42
9,0,48,-11826,42
9,0,83,-23612,42
9,0,46,-12012,42
9,0,45,-11994,42
9,0,45,-12136,42
9,0,44,-12123,42
9,0,45,-11974,42
9,0,45,-11765,42
9,0,44,-12207,42
9,0,44,-12033,42
9,0,44,-12187,42
9,0,44,-12250,42
9,0,44,-11911,42
9,0,44,-12153,42
9,0,44,-12159,42
9,0,43,-12442,42
9,0,43,-12389,42
9,0,44,-11970,42
9,0,43,-12159,42
9,0,43,-12435,42
9,0,43,-12288,42
9,0,43,-12498,42
9,0,42,-12540,42
9,0,42,-12496,42
9,0,42,-12406,42
9,0,43,-12343,42
9,0,42,-12412,42
9,0,42,-12463,42
9,0,43,-12279,42
9,0,42,-12362,42
9,0,42,-12452,42
9,0,42,-12487,42
9,0,42,-12497,42
9,0,42,-12397,42
9,0,42,-12332,42
9,0,41,-12274,42
9,0,42,-12210,42
9,0,43,-12154,42
9,0,42,-12496,42
9,0,42,-12339,42
9,0,42,-12364,42
9,0,42,-12254,42
9,0,42,-12289,42
9,0,42,-12142,42
9,0,42,-12327,42
9,0,41,-12390,42
9,0,41,-12471,42
9,0,41,-12364,42
9,0,42,-12444,42
10,0,40,-9944,40
10,0,41,-9918,40
10,0,40,-10189,40
10,0,39,-10276,40
10,0,40,-10078,40
10,0,41,-9988,40
10,0,41,-9875,40
10,0,40,-10046,40
10,0,41,-10123,40
10,0,41,-9833,40
10,0,38,-10547,40
10,0,39,-10199,40
10,0,40,-10040,40
10,0,42,-9764,40
10,0,40,-10238,40
10,0,40,-9940,40
10,0,39,-10383,40
10,0,39,-10223,40
10,0,41,-9931,40
10,0,40,-10133,40
10,0,41,-9836,40
10,0,41,-10051,40
10,0,41,-9878,40
10,0,39,-10333,40
10,0,41,-9936,40
10,0,38,-10503,40
10,0,42,-9681,40
10,0,39,-10343,40
10,0,41,-9940,40
10,0,41,-10019,40
10,0,41,-9910,40
10,0,40,-10052,40
10,0,39,-10331,40
10,0,42,-9672,40
10,0,41,-9849,40
10,0,42,-9659,40
10,0,40,-10061,40
10,0,41,-9841,40
10,0,41,-9853,40
10,0,42,-9768,40
10,0,39,-10328,40
10,0,40,-10031,40
10,0,40,-9888,40
10,0,40,-10160,40
10,0,40,-9998,40
10,0,39,-10309,40
10,0,41,-9986,40
10,0,40,-9989,40
10,0,41,-9754,40
10,0,41,-9926,40
